Date,QQQ Price
02/01/2020,208.0151
03/01/2020,206.1097
06/01/2020,207.4377
07/01/2020,207.4088
08/01/2020,208.9678
09/01/2020,210.7385
10/01/2020,210.1996
13/01/2020,212.6246
14/01/2020,211.7874
15/01/2020,211.874
16/01/2020,213.9045
17/01/2020,214.9631
21/01/2020,214.8668
22/01/2020,215.4346
23/01/2020,216.1275
24/01/2020,214.3087
27/01/2020,209.882
28/01/2020,213.1058
29/01/2020,213.4522
30/01/2020,214.2124
31/01/2020,210.8155
03/02/2020,214.0007
04/02/2020,218.8989
05/02/2020,219.6207
06/02/2020,221.5165
07/02/2020,220.5638
10/02/2020,223.2294
11/02/2020,223.2679
12/02/2020,225.4427
13/02/2020,225.154
14/02/2020,225.7988
18/02/2020,225.8854
19/02/2020,228.0506
20/02/2020,225.9335
21/02/2020,221.5934
24/02/2020,213.048
25/02/2020,207.2549
26/02/2020,208.323
27/02/2020,197.8915
28/02/2020,198.0455
02/03/2020,208.2653
03/03/2020,201.5868
04/03/2020,209.9975
05/03/2020,203.6173
06/03/2020,200.1818
09/03/2020,186.2763
10/03/2020,196.4191
11/03/2020,187.8641
12/03/2020,170.6386
13/03/2020,185.0926
16/03/2020,162.9208
17/03/2020,175.277
18/03/2020,169.9457
19/03/2020,170.9658
20/03/2020,164.268
23/03/2020,164.3864
24/03/2020,177.1161
25/03/2020,175.8045
26/03/2020,185.0625
27/03/2020,178.6976
30/03/2020,185.1975
31/03/2020,183.6159
01/04/2020,175.8142
02/04/2020,179.3823
03/04/2020,176.8364
06/04/2020,189.4793
07/04/2020,189.4021
08/04/2020,193.4236
09/04/2020,193.7032
13/04/2020,195.7959
14/04/2020,204.3113
15/04/2020,201.9679
16/04/2020,205.6518
17/04/2020,207.6191
20/04/2020,205.1599
21/04/2020,197.5896
22/04/2020,203.453
23/04/2020,203.019
24/04/2020,206.2207
27/04/2020,207.8795
28/04/2020,203.9641
29/04/2020,211.1969
30/04/2020,211.1101
01/05/2020,205.1599
04/05/2020,207.5516
05/05/2020,209.9046
06/05/2020,211.1969
07/05/2020,213.9164
08/05/2020,216.8481
11/05/2020,218.7865
12/05/2020,214.2057
13/05/2020,211.5248
14/05/2020,213.926
15/05/2020,215.3147
18/05/2020,219.3265
19/05/2020,218.7768
20/05/2020,223.1454
21/05/2020,220.7152
22/05/2020,221.4771
26/05/2020,220.8792
27/05/2020,222.0846
28/05/2020,221.7953
29/05/2020,225.0452
01/06/2020,225.7203
02/06/2020,227.2343
03/06/2020,228.2566
04/06/2020,226.6557
05/06/2020,231.1497
08/06/2020,232.9434
09/06/2020,234.6311
10/06/2020,237.447
11/06/2020,225.6817
12/06/2020,227.4754
15/06/2020,230.2432
16/06/2020,234.1971
17/06/2020,234.9397
18/06/2020,235.5761
19/06/2020,235.5376
22/06/2020,238.3625
23/06/2020,240.3912
24/06/2020,235.4354
25/06/2020,237.6766
26/06/2020,232.0639
29/06/2020,234.5949
30/06/2020,239.1933
01/07/2020,241.9852
02/07/2020,243.6275
06/07/2020,249.617
07/07/2020,247.8974
08/07/2020,251.1627
09/07/2020,253.2783
10/07/2020,255.0075
13/07/2020,249.7619
14/07/2020,251.5298
15/07/2020,252.0418
16/07/2020,250.3222
17/07/2020,250.612
20/07/2020,257.7221
21/07/2020,255.0365
22/07/2020,255.9349
23/07/2020,249.2499
24/07/2020,246.8831
27/07/2020,251.2882
28/07/2020,248.0906
29/07/2020,250.9501
30/07/2020,252.2639
31/07/2020,256.7657
03/08/2020,260.2338
04/08/2020,261.1999
05/08/2020,261.8471
06/08/2020,265.3152
07/08/2020,262.2529
10/08/2020,261.1323
11/08/2020,256.1861
12/08/2020,262.6296
13/08/2020,263.2286
14/08/2020,262.9194
17/08/2020,265.9722
18/08/2020,268.5322
19/08/2020,266.7257
20/08/2020,270.4256
21/08/2020,272.2998
24/08/2020,274
25/08/2020,276.1543
26/08/2020,282.0472
27/08/2020,281.1681
28/08/2020,282.5978
31/08/2020,284.868
01/09/2020,289.7369
02/09/2020,292.4805
03/09/2020,277.6517
04/09/2020,273.9517
08/09/2020,260.7845
09/09/2020,268.4452
10/09/2020,263.0933
11/09/2020,261.2675
14/09/2020,265.8176
15/09/2020,269.5852
16/09/2020,265.2863
17/09/2020,261.1419
18/09/2020,257.8091
21/09/2020,258.8039
22/09/2020,263.6121
23/09/2020,255.5629
24/09/2020,256.7529
25/09/2020,262.7221
28/09/2020,268.1785
29/09/2020,266.9692
30/09/2020,268.7977
01/10/2020,273.0642
02/10/2020,265.3826
05/10/2020,271.0422
06/10/2020,266.2049
07/10/2020,270.81
08/10/2020,272.2515
09/10/2020,276.4116
12/10/2020,284.9445
13/10/2020,284.9348
14/10/2020,282.5549
15/10/2020,280.6587
16/10/2020,279.1204
19/10/2020,274.5637
20/10/2020,275.1539
21/10/2020,274.941
22/10/2020,274.9314
23/10/2020,275.4731
26/10/2020,271.3421
27/10/2020,273.4608
28/10/2020,262.7995
29/10/2020,267.3949
30/10/2020,260.613
02/11/2020,261.1935
03/11/2020,265.7115
04/11/2020,277.5725
05/11/2020,284.8091
06/11/2020,285.0219
09/11/2020,279.1978
10/11/2020,274.1961
11/11/2020,280.3298
12/11/2020,279.014
13/11/2020,281.4617
16/11/2020,283.6578
17/11/2020,282.7581
18/11/2020,280.6684
19/11/2020,282.8645
20/11/2020,280.9296
23/11/2020,280.9393
24/11/2020,284.8865
25/11/2020,286.6376
27/11/2020,289.2787
30/11/2020,289.8689
01/12/2020,293.5839
02/12/2020,293.9612
03/12/2020,294.3772
04/12/2020,295.5769
07/12/2020,297.2505
08/12/2020,298.2567
09/12/2020,291.5039
10/12/2020,292.6745
11/12/2020,292.0263
14/12/2020,294.145
15/12/2020,297.2892
16/12/2020,298.9242
17/12/2020,300.8785
18/12/2020,299.9691
21/12/2020,299.4081
22/12/2020,300.2223
23/12/2020,298.7103
24/12/2020,300.0284
28/12/2020,303.0524
29/12/2020,303.3237
30/12/2020,303.3334
31/12/2020,304.0797
04/01/2021,299.7861
05/01/2021,302.2576
06/01/2021,298.0706
07/01/2021,305.2815
08/01/2021,309.2068
11/01/2021,304.7388
12/01/2021,304.2542
13/01/2021,306.3089
14/01/2021,304.6709
15/01/2021,302.2576
19/01/2021,306.6675
20/01/2021,313.8009
21/01/2021,316.3111
22/01/2021,315.4001
25/01/2021,318.0073
26/01/2021,318.4725
27/01/2021,309.5945
28/01/2021,311.4263
29/01/2021,304.8745
01/02/2021,312.4925
02/02/2021,317.5905
03/02/2021,316.3305
04/02/2021,320.0717
05/02/2021,321.1572
08/02/2021,323.3088
09/02/2021,323.241
10/02/2021,322.5044
11/02/2021,324.278
12/02/2021,326.0905
16/02/2021,325.2085
17/02/2021,323.6481
18/02/2021,322.233
19/02/2021,320.8277
22/02/2021,312.5118
23/02/2021,311.5814
24/02/2021,314.1498
25/02/2021,303.1977
26/02/2021,304.4674
01/03/2021,313.6264
02/03/2021,308.5962
03/03/2021,299.6407
04/03/2021,294.7365
05/03/2021,299.1755
08/03/2021,290.7046
09/03/2021,302.1704
10/03/2021,301.3078
11/03/2021,308.2473
12/03/2021,305.7468
15/03/2021,309.013
16/03/2021,310.7091
17/03/2021,311.9885
18/03/2021,302.4321
19/03/2021,303.4982
22/03/2021,309.1893
23/03/2021,307.8404
24/03/2021,302.6486
25/03/2021,302.1246
26/03/2021,306.6565
29/03/2021,306.5692
30/03/2021,305.0262
31/03/2021,309.694
01/04/2021,314.9731
05/04/2021,321.2615
06/04/2021,321.0383
07/04/2021,321.8147
08/04/2021,325.1724
09/04/2021,327.1423
12/04/2021,326.7153
13/04/2021,330.5291
14/04/2021,326.5601
15/04/2021,331.5093
16/04/2021,331.8975
19/04/2021,328.86
20/04/2021,326.463
21/04/2021,329.2579
22/04/2021,325.2888
23/04/2021,329.384
26/04/2021,331.5287
27/04/2021,330.0925
28/04/2021,328.9765
29/04/2021,330.1604
30/04/2021,327.9963
03/05/2021,326.2495
04/05/2021,320.3784
05/05/2021,319.3012
06/05/2021,321.7079
07/05/2021,324.3184
10/05/2021,316.1279
11/05/2021,315.6912
12/05/2021,307.5202
13/05/2021,309.8978
14/05/2021,316.7393
17/05/2021,314.8179
18/05/2021,312.6926
19/05/2021,313.0517
20/05/2021,319.1072
21/05/2021,317.341
24/05/2021,322.6783
25/05/2021,323.1247
26/05/2021,324.2504
27/05/2021,323.0374
28/05/2021,324.0564
01/06/2021,322.9792
02/06/2021,323.61
03/06/2021,320.2426
04/06/2021,325.677
07/06/2021,326.6474
08/06/2021,326.8027
09/06/2021,326.8803
10/06/2021,330.2865
11/06/2021,331.1502
14/06/2021,334.3235
15/06/2021,332.1401
16/06/2021,330.927
17/06/2021,335.129
18/06/2021,332.4991
21/06/2021,334.5654
22/06/2021,337.6841
23/06/2021,337.8493
24/06/2021,339.9381
25/06/2021,339.5203
28/06/2021,343.6495
29/06/2021,344.893
30/06/2021,344.349
01/07/2021,344.485
02/07/2021,348.4392
06/07/2021,349.9451
07/07/2021,350.6835
08/07/2021,348.5655
09/07/2021,350.7418
12/07/2021,352.1117
13/07/2021,352.1117
14/07/2021,352.7432
15/07/2021,350.2658
16/07/2021,347.4288
19/07/2021,344.5821
20/07/2021,348.585
21/07/2021,351.2762
22/07/2021,353.5982
23/07/2021,357.7273
26/07/2021,358.0091
27/07/2021,354.0645
28/07/2021,355.4247
29/07/2021,356.0562
30/07/2021,354.2006
02/08/2021,354.2297
03/08/2021,356.3769
04/08/2021,356.8918
05/08/2021,359.1555
06/08/2021,357.5816
09/08/2021,358.2422
10/08/2021,356.406
11/08/2021,355.7939
12/08/2021,357.0764
13/08/2021,358.3297
16/08/2021,358.4851
17/08/2021,355.3276
18/08/2021,351.9077
19/08/2021,353.6079
20/08/2021,357.2707
23/08/2021,362.6142
24/08/2021,363.7218
25/08/2021,364.1396
26/08/2021,361.8273
27/08/2021,365.3443
30/08/2021,369.4443
31/08/2021,369.1431
01/09/2021,369.7552
02/09/2021,369.5803
03/09/2021,370.717
07/09/2021,371.2417
08/09/2021,369.9495
09/09/2021,368.6768
10/09/2021,365.8787
13/09/2021,365.6261
14/09/2021,364.5865
15/09/2021,367.2972
16/09/2021,367.5498
17/09/2021,363.1972
20/09/2021,355.6922
21/09/2021,356.1299
22/09/2021,359.4563
23/09/2021,362.7729
24/09/2021,363.1134
27/09/2021,360.2149
28/09/2021,350.0217
29/09/2021,349.4479
30/09/2021,348.164
01/10/2021,350.3232
04/10/2021,342.9701
05/10/2021,347.5999
06/10/2021,349.8272
07/10/2021,353.0369
08/10/2021,351.2764
11/10/2021,348.5822
12/10/2021,347.3664
13/10/2021,350.1482
14/10/2021,356.5967
15/10/2021,358.8435
18/10/2021,362.452
19/10/2021,365.1948
20/10/2021,364.7182
21/10/2021,366.9455
22/10/2021,363.8623
25/10/2021,367.5875
26/10/2021,368.7449
27/10/2021,369.6008
28/10/2021,373.7054
29/10/2021,375.5436
01/11/2021,376.8275
02/11/2021,378.4032
03/11/2021,382.4202
04/11/2021,387.3222
05/11/2021,387.6918
08/11/2021,387.1666
09/11/2021,384.5016
10/11/2021,378.8506
11/11/2021,379.901
12/11/2021,383.8986
15/11/2021,383.811
16/11/2021,386.5441
17/11/2021,386.7484
18/11/2021,390.7556
19/11/2021,392.9343
22/11/2021,388.3727
23/11/2021,386.6025
24/11/2021,387.8474
26/11/2021,380.4943
29/11/2021,388.752
30/11/2021,383.0426
01/12/2021,376.526
02/12/2021,379.2396
03/12/2021,372.6452
06/12/2021,375.6312
07/12/2021,386.9429
08/12/2021,388.6742
09/12/2021,382.9551
10/12/2021,387.118
13/12/2021,381.5253
14/12/2021,377.5764
15/12/2021,386.1842
16/12/2021,376.2537
17/12/2021,374.3765
20/12/2021,370.7454
21/12/2021,379.0428
22/12/2021,383.659
23/12/2021,386.5514
27/12/2021,392.9401
28/12/2021,391.1189
29/12/2021,391.0605
30/12/2021,389.8918
31/12/2021,387.4571
03/01/2022,391.1871
04/01/2022,386.1132
05/01/2022,374.2514
06/01/2022,373.9884
07/01/2022,369.9371
10/01/2022,370.1805
11/01/2022,375.7414
12/01/2022,377.2314
13/01/2022,367.7945
14/01/2022,370.0832
18/01/2022,360.8703
19/01/2022,356.9066
20/01/2022,352.2709
21/01/2022,342.503
24/01/2022,344.0709
25/01/2022,336.0948
26/01/2022,335.5689
27/01/2022,332.1896
28/01/2022,342.6101
31/01/2022,353.5662
01/02/2022,355.9717
02/02/2022,358.8641
03/02/2022,344.3144
04/02/2022,348.6579
07/02/2022,345.8531
08/02/2022,349.7389
09/02/2022,357.1501
10/02/2022,349.0669
11/02/2022,337.9939
14/02/2022,338.4127
15/02/2022,346.827
16/02/2022,346.7393
17/02/2022,336.426
18/02/2022,332.5889
22/02/2022,329.2485
23/02/2022,320.8147
24/02/2022,331.5955
25/02/2022,336.7376
28/02/2022,337.7407
01/03/2022,332.5694
02/03/2022,338.1497
03/03/2022,333.3193
04/03/2022,328.4889
07/03/2022,316.3738
08/03/2022,314.9033
09/03/2022,326.2392
10/03/2022,322.6164
11/03/2022,315.9258
14/03/2022,309.8586
15/03/2022,319.5779
16/03/2022,331.43
17/03/2022,335.4423
18/03/2022,342.3082
21/03/2022,341.3562
22/03/2022,348.0648
23/03/2022,343.0626
24/03/2022,350.6878
25/03/2022,350.3952
28/03/2022,355.8167
29/03/2022,361.9402
30/03/2022,357.9424
31/03/2022,353.5057
01/04/2022,352.8329
04/04/2022,360.0973
05/04/2022,352.1016
06/04/2022,344.457
07/04/2022,345.2761
08/04/2022,340.4494
11/04/2022,332.3953
12/04/2022,330.9911
13/04/2022,337.7192
14/04/2022,329.9966
18/04/2022,330.2501
19/04/2022,337.6314
20/04/2022,332.7073
21/04/2022,325.8232
22/04/2022,317.2913
25/04/2022,321.3671
26/04/2022,309.2371
27/04/2022,308.8666
28/04/2022,319.8362
29/04/2022,305.444
02/05/2022,310.5437
03/05/2022,310.8752
04/05/2022,321.3866
05/05/2022,305.2003
06/05/2022,301.5437
09/05/2022,289.7452
10/05/2022,293.2653
11/05/2022,284.5675
12/05/2022,283.8947
13/05/2022,294.4159
16/05/2022,291.0031
17/05/2022,298.5405
18/05/2022,283.885
19/05/2022,282.3639
20/05/2022,281.4863
23/05/2022,286.1667
24/05/2022,280.0822
25/05/2022,284.002
26/05/2022,291.8709
27/05/2022,301.3974
31/05/2022,300.5979
01/06/2022,298.3747
02/06/2022,306.5459
03/06/2022,298.5697
06/06/2022,299.5643
07/06/2022,302.1482
08/06/2022,299.9738
09/06/2022,291.9392
10/06/2022,281.6423
13/06/2022,268.547
14/06/2022,269.0345
15/06/2022,275.7528
16/06/2022,264.6271
17/06/2022,267.8449
21/06/2022,274.6029
22/06/2022,274.2024
23/06/2022,278.286
24/06/2022,287.8211
27/06/2022,285.7109
28/06/2022,277.0062
29/06/2022,277.2602
30/06/2022,273.8213
01/07/2022,275.6287
05/07/2022,280.3474
06/07/2022,282.145
07/07/2022,288.1826
08/07/2022,288.5441
11/07/2022,282.3795
12/07/2022,279.644
13/07/2022,279.0676
14/07/2022,280.0641
15/07/2022,285.1443
18/07/2022,282.7312
19/07/2022,291.4261
20/07/2022,296.0471
21/07/2022,300.2969
22/07/2022,295.0311
25/07/2022,293.3507
26/07/2022,287.5867
27/07/2022,299.74
28/07/2022,302.6709
29/07/2022,308.1907
01/08/2022,308.0051
02/08/2022,307.0867
03/08/2022,315.4495
04/08/2022,316.9247
05/08/2022,314.3357
08/08/2022,313.3197
09/08/2022,309.7733
10/08/2022,318.4194
11/08/2022,316.612
12/08/2022,322.7766
15/08/2022,325.3851
16/08/2022,324.6231
17/08/2022,320.9204
18/08/2022,321.6922
19/08/2022,315.4202
22/08/2022,307.116
23/08/2022,306.862
24/08/2022,307.751
25/08/2022,313.1927
26/08/2022,300.3555
29/08/2022,297.3953
30/08/2022,294.0834
31/08/2022,292.3738
01/09/2022,292.5008
02/09/2022,288.3682
06/09/2022,286.2971
07/09/2022,292.0807
08/09/2022,293.5949
09/09/2022,300.0136
12/09/2022,303.5794
13/09/2022,286.9321
14/09/2022,289.2084
15/09/2022,284.392
16/09/2022,282.653
19/09/2022,284.8536
20/09/2022,282.583
21/09/2022,277.5231
22/09/2022,274.1074
23/09/2022,269.6445
26/09/2022,268.5287
27/09/2022,268.6364
28/09/2022,273.9802
29/09/2022,266.082
30/09/2022,261.5701
03/10/2022,267.7066
04/10/2022,276.1235
05/10/2022,275.9767
06/10/2022,273.804
07/10/2022,263.3709
10/10/2022,260.7382
11/10/2022,257.1561
12/10/2022,257.068
13/10/2022,263.0969
14/10/2022,255.1889
17/10/2022,263.6156
18/10/2022,265.7003
19/10/2022,264.7313
20/10/2022,263.3807
21/10/2022,269.5564
24/10/2022,272.5219
25/10/2022,278.1592
26/10/2022,272.0129
27/10/2022,267.0607
28/10/2022,275.2329
31/10/2022,272.0325
01/11/2022,269.253
02/11/2022,260.0237
03/11/2022,254.9442
04/11/2022,259.045
07/11/2022,261.8931
08/11/2022,263.8016
09/11/2022,257.714
10/11/2022,276.7303
11/11/2022,281.8294
14/11/2022,279.3631
15/11/2022,283.229
16/11/2022,279.3631
17/11/2022,278.7465
18/11/2022,278.7563
21/11/2022,275.8886
22/11/2022,279.8622
23/11/2022,282.6711
25/11/2022,280.8116
28/11/2022,276.6912
29/11/2022,274.5967
30/11/2022,287.1144
01/12/2022,287.4668
02/12/2022,286.3217
05/12/2022,281.5162
06/12/2022,275.6831
07/12/2022,274.5576
08/12/2022,277.8069
09/12/2022,276.0354
12/12/2022,279.5001
13/12/2022,282.5047
14/12/2022,280.4103
15/12/2022,270.9951
16/12/2022,268.4113
19/12/2022,264.6396
20/12/2022,264.4336
21/12/2022,268.2695
22/12/2022,261.7062
23/12/2022,262.2949
27/12/2022,258.5865
28/12/2022,255.1724
29/12/2022,261.3923
30/12/2022,261.2353
03/01/2023,259.4694
04/01/2023,260.7056
05/01/2023,256.6244
06/01/2023,263.7076
09/01/2023,265.4146
10/01/2023,267.6612
11/01/2023,272.2918
12/01/2023,273.7634
13/01/2023,275.647
17/01/2023,276.2062
18/01/2023,272.6156
19/01/2023,269.9373
20/01/2023,277.3246
23/01/2023,283.4857
24/01/2023,282.9068
25/01/2023,282.279
26/01/2023,287.7827
27/01/2023,290.6474
30/01/2023,284.7708
31/01/2023,289.0384
01/02/2023,295.2191
02/02/2023,305.8145
03/02/2023,300.3794
06/02/2023,297.8385
07/02/2023,304.0093
08/02/2023,298.6037
09/02/2023,295.9647
10/02/2023,294.0222
13/02/2023,298.7312
14/02/2023,300.9386
15/02/2023,303.2441
16/02/2023,297.554
17/02/2023,295.4545
21/02/2023,288.4596
22/02/2023,288.6754
23/02/2023,291.1967
24/02/2023,286.3209
27/02/2023,288.3713
28/02/2023,287.9985
01/03/2023,285.6832
02/03/2023,288.0476
03/03/2023,294.0026
06/03/2023,294.3361
07/03/2023,290.7258
08/03/2023,292.1778
09/03/2023,287.1156
10/03/2023,283.0834
13/03/2023,285.1829
14/03/2023,291.7363
15/03/2023,293.2668
16/03/2023,300.9975
17/03/2023,299.575
20/03/2023,300.6382
21/03/2023,304.932
22/03/2023,300.7856
23/03/2023,304.3523
24/03/2023,305.4725
27/03/2023,303.3796
28/03/2023,301.7681
29/03/2023,307.2706
30/03/2023,310.179
31/03/2023,315.3375
03/04/2023,314.5711
04/04/2023,313.5099
05/04/2023,310.4148
06/04/2023,312.5077
10/04/2023,312.3308
11/04/2023,310.3264
12/04/2023,307.585
13/04/2023,313.6082
14/04/2023,313.0186
17/04/2023,313.2839
18/04/2023,313.3036
19/04/2023,313.1562
20/04/2023,310.7685
21/04/2023,311.0928
24/04/2023,310.4443
25/04/2023,304.5881
26/04/2023,306.4354
27/04/2023,314.7676
28/04/2023,316.9391
01/05/2023,316.5755
02/05/2023,313.8145
03/05/2023,311.7609
04/05/2023,310.6604
05/05/2023,317.2633
08/05/2023,318.0494
09/05/2023,316.0351
10/05/2023,319.4741
11/05/2023,320.5157
12/05/2023,319.366
15/05/2023,321.0954
16/05/2023,321.4589
17/05/2023,325.3499
18/05/2023,331.3928
19/05/2023,330.646
22/05/2023,331.7563
23/05/2023,327.5509
24/05/2023,325.8707
25/05/2023,333.8001
26/05/2023,342.3288
30/05/2023,343.8813
31/05/2023,341.9259
01/06/2023,345.8759
02/06/2023,348.4699
05/06/2023,348.7155
06/06/2023,348.6566
07/06/2023,342.7415
08/06/2023,346.996
09/06/2023,348.3225
12/06/2023,354.2081
13/06/2023,356.9299
14/06/2023,359.5238
15/06/2023,363.8079
16/06/2023,361.5185
20/06/2023,361.001
21/06/2023,356.0814
22/06/2023,360.2827
23/06/2023,356.7111
26/06/2023,351.9292
27/06/2023,357.9804
28/06/2023,358.6789
29/06/2023,357.9607
30/06/2023,363.4805
03/07/2023,364.3365
05/07/2023,364.3267
06/07/2023,361.552
07/07/2023,360.3516
10/07/2023,360.4697
11/07/2023,362.2506
12/07/2023,366.8258
13/07/2023,373.054
14/07/2023,372.9753
17/07/2023,376.4584
18/07/2023,379.5381
19/07/2023,379.4495
20/07/2023,370.7025
21/07/2023,369.5906
24/07/2023,370.181
25/07/2023,372.69
26/07/2023,371.4502
27/07/2023,370.5647
28/07/2023,377.3144
31/07/2023,377.5112
01/08/2023,376.6355
02/08/2023,368.3706
03/08/2023,367.7802
04/08/2023,366.0584
07/08/2023,369.1577
08/08/2023,366.019
09/08/2023,361.9948
10/08/2023,362.6638
11/08/2023,360.3516
14/08/2023,364.3955
15/08/2023,360.5287
16/08/2023,356.7111
17/08/2023,352.8148
18/08/2023,352.372
21/08/2023,358.0492
22/08/2023,357.5376
23/08/2023,363.1755
24/08/2023,355.4123
25/08/2023,358.1673
28/08/2023,360.8632
29/08/2023,368.7445
30/08/2023,370.8009
31/08/2023,371.9127
01/09/2023,371.5191
05/09/2023,371.9914
06/09/2023,368.7149
07/09/2023,366.078
08/09/2023,366.5897
11/09/2023,370.9091
12/09/2023,366.7963
13/09/2023,368.1935
14/09/2023,371.2043
15/09/2023,364.8481
18/09/2023,365.2279
19/09/2023,364.4495
20/09/2023,359.1976
21/09/2023,352.6155
22/09/2023,352.6648
25/09/2023,354.3399
26/09/2023,349.019
27/09/2023,349.8368
28/09/2023,352.7633
29/09/2023,353.0195
02/10/2023,355.9657
03/10/2023,349.7186
04/10/2023,354.4778
05/10/2023,353.4334
06/10/2023,359.3553
09/10/2023,361.188
10/10/2023,363.1883
11/10/2023,365.7797
12/10/2023,364.5086
13/10/2023,359.9268
16/10/2023,363.9962
17/10/2023,362.804
18/10/2023,358.0448
19/10/2023,354.6946
20/10/2023,349.4033
23/10/2023,350.4576
24/10/2023,353.8669
25/10/2023,345.2057
26/10/2023,338.6236
27/10/2023,340.2494
30/10/2023,344.0824
31/10/2023,345.728
01/11/2023,351.7287
02/11/2023,358.1137
03/11/2023,362.3212
06/11/2023,363.7992
07/11/2023,367.238
08/11/2023,367.4745
09/11/2023,364.6466
10/11/2023,372.8446
13/11/2023,371.6819
14/11/2023,379.6829
15/11/2023,379.9687
16/11/2023,380.2939
17/11/2023,380.3825
20/11/2023,385.0137
21/11/2023,382.7769
22/11/2023,384.3436
24/11/2023,383.8017
27/11/2023,383.4667
28/11/2023,384.4717
29/11/2023,384.0973
30/11/2023,383.1316
01/12/2023,384.2254
04/12/2023,380.6584
05/12/2023,381.6142
06/12/2023,379.407
07/12/2023,384.7082
08/12/2023,386.4227
11/12/2023,389.7236
12/12/2023,392.8274
13/12/2023,397.8231
14/12/2023,397.4783
15/12/2023,399.3997
18/12/2023,401.9156
19/12/2023,403.9692
20/12/2023,397.9664
21/12/2023,402.5969
22/12/2023,403.1991
26/12/2023,405.6674
27/12/2023,406.4929
28/12/2023,406.2954
29/12/2023,404.537
02/01/2024,397.6914
03/01/2024,393.4832
04/01/2024,391.4581
05/01/2024,391.9224
08/01/2024,400.0226
09/01/2024,400.8129
10/01/2024,403.5294
11/01/2024,404.3691
12/01/2024,404.5766
16/01/2024,404.537
17/01/2024,402.2551
18/01/2024,407.9648
19/01/2024,416.0552
22/01/2024,416.5985
23/01/2024,418.3272
24/01/2024,420.6486
25/01/2024,421.1623
26/01/2024,418.6532
29/01/2024,422.9404
30/01/2024,420.125
31/01/2024,411.8964
01/02/2024,416.7466
02/02/2024,423.7899
05/02/2024,423.2367
06/02/2024,422.3872
07/02/2024,426.7336
08/02/2024,427.5239
09/02/2024,431.7321
12/02/2024,430.0429
13/02/2024,423.3355
14/02/2024,427.9487
15/02/2024,429.223
16/02/2024,425.3309
20/02/2024,422.1205
21/02/2024,420.4313
22/02/2024,432.7396
23/02/2024,431.4653
26/02/2024,431.2381
27/02/2024,432.2754
28/02/2024,429.9737
29/02/2024,433.6583
01/03/2024,440.1879
04/03/2024,438.6172
05/03/2024,430.7442
06/03/2024,433.4509
07/03/2024,440.0298
08/03/2024,433.6781
11/03/2024,432.0679
12/03/2024,438.2616
13/03/2024,434.8931
14/03/2024,433.7966
15/03/2024,428.6401
18/03/2024,432.7289
19/03/2024,433.8071
20/03/2024,438.9506
21/03/2024,441.0278
22/03/2024,441.5322
25/03/2024,439.9298
26/03/2024,438.5055
27/03/2024,439.9991
28/03/2024,439.188
01/04/2024,440.1178
02/04/2024,436.3195
03/04/2024,437.2987
04/04/2024,430.6121
05/04/2024,435.6864
08/04/2024,435.815
09/04/2024,437.4273
10/04/2024,433.6092
11/04/2024,440.5332
12/04/2024,433.5103
15/04/2024,426.3786
16/04/2024,426.4182
17/04/2024,421.2153
18/04/2024,418.8117
19/04/2024,410.1468
22/04/2024,414.2715
23/04/2024,420.4537
24/04/2024,421.878
25/04/2024,419.8404
26/04/2024,426.3193
29/04/2024,428.0503
30/04/2024,419.9789
01/05/2024,416.9422
02/05/2024,422.2638
03/05/2024,430.7506
06/05/2024,435.4688
07/05/2024,435.5381
08/05/2024,435.2809
09/05/2024,436.2304
10/05/2024,437.2592
13/05/2024,438.2681
14/05/2024,441.0871
15/05/2024,447.9814
16/05/2024,447.0714
17/05/2024,446.8538
20/05/2024,449.9696
21/05/2024,450.8499
22/05/2024,450.7609
23/05/2024,448.7332
24/05/2024,452.9766
28/05/2024,454.6878
29/05/2024,451.483
30/05/2024,446.6461
31/05/2024,445.8152
03/06/2024,448.2089
04/06/2024,449.4355
05/06/2024,458.496
06/06/2024,458.3377
07/06/2024,457.9322
10/06/2024,459.7819
11/06/2024,462.9372
12/06/2024,469.0007
13/06/2024,471.5427
14/06/2024,473.9859
17/06/2024,479.7922
18/06/2024,479.9405
20/06/2024,476.2412
21/06/2024,474.9652
24/06/2024,469.5574
25/06/2024,474.9271
26/06/2024,475.9079
27/06/2024,477.1364
28/06/2024,474.6596
01/07/2024,477.4435
02/07/2024,482.4565
03/07/2024,486.4788
05/07/2024,491.5512
08/07/2024,492.7203
09/07/2024,493.1463
10/07/2024,498.2881
11/07/2024,487.3605
12/07/2024,490.2237
15/07/2024,491.5413
16/07/2024,491.7295
17/07/2024,477.2949
18/07/2024,475.0361
19/07/2024,470.8255
22/07/2024,477.8398
23/07/2024,476.1556
24/07/2024,459.0757
25/07/2024,454.0132
26/07/2024,458.6695
29/07/2024,459.5909
30/07/2024,453.28
31/07/2024,466.6943
01/08/2024,455.3903
02/08/2024,444.5816
05/08/2024,431.3259
06/08/2024,435.4472
07/08/2024,430.7315
08/08/2024,443.9079
09/08/2024,446.2262
12/08/2024,447.1872
13/08/2024,458.2831
14/08/2024,458.4317
15/08/2024,470.0132
16/08/2024,470.6175
19/08/2024,476.7995
20/08/2024,475.7989
21/08/2024,478.0181
22/08/2024,470.4392
23/08/2024,475.5413
26/08/2024,470.9246
27/08/2024,472.3314
28/08/2024,466.9717
29/08/2024,466.2881
30/08/2024,471.846
03/09/2024,457.5203
04/09/2024,456.3314
05/09/2024,456.7574
06/09/2024,444.5222
09/09/2024,450.2386
10/09/2024,454.3996
11/09/2024,464.267
12/09/2024,468.8243
13/09/2024,470.9246
16/09/2024,468.8441
17/09/2024,469.0918
18/09/2024,467.0608
19/09/2024,478.8701
20/09/2024,477.9587
23/09/2024,479.2254
24/09/2024,481.537
25/09/2024,481.9835
26/09/2024,485.6047
27/09/2024,482.9061
30/09/2024,484.2157
01/10/2024,477.4694
02/10/2024,478.1441
03/10/2024,477.7869
04/10/2024,483.4716
07/10/2024,478.2929
08/10/2024,485.436
09/10/2024,489.2556
10/10/2024,488.7
11/10/2024,489.4639
14/10/2024,493.5713
15/10/2024,486.9738
16/10/2024,487.0333
17/10/2024,487.3706
18/10/2024,490.5652
21/10/2024,491.5077
22/10/2024,492.0434
23/10/2024,484.5034
24/10/2024,488.4322
25/10/2024,491.4085
28/10/2024,491.4878
29/10/2024,496.2102
30/10/2024,492.4601
31/10/2024,480.029
01/11/2024,483.5808
04/11/2024,482.172
05/11/2024,488.323
06/11/2024,501.5874
07/11/2024,509.4846
08/11/2024,510.0798
11/11/2024,509.7822
12/11/2024,508.8596
13/11/2024,508.2048
14/11/2024,504.6729
15/11/2024,492.6486
18/11/2024,496.0714
19/11/2024,499.4842
20/11/2024,499.1965
21/11/2024,500.9922
22/11/2024,501.7958
25/11/2024,502.5895
26/11/2024,505.288
27/11/2024,501.3097
29/11/2024,505.7146
02/12/2024,511.2208
03/12/2024,512.7883
04/12/2024,519.1278
05/12/2024,517.6893
06/12/2024,522.3224
09/12/2024,518.2548
10/12/2024,516.4888
11/12/2024,525.7352
12/12/2024,522.3422
13/12/2024,526.3404
16/12/2024,533.9201
17/12/2024,531.5688
18/12/2024,512.3914
19/12/2024,510.1096
20/12/2024,514.5642
23/12/2024,519.5769
24/12/2024,526.6223
26/12/2024,526.2645
27/12/2024,519.2689
30/12/2024,512.3626
31/12/2024,508.0102
02/01/2025,507.0165
03/01/2025,515.3139
06/01/2025,521.2364
07/01/2025,511.9353
08/01/2025,512.0248
10/01/2025,503.9957
13/01/2025,502.3759
14/01/2025,501.8989
15/01/2025,513.4458
16/01/2025,509.8486
17/01/2025,518.454
21/01/2025,521.4947
22/01/2025,528.1625
23/01/2025,529.2854
24/01/2025,526.2943
27/01/2025,510.9714
28/01/2025,518.5236
29/01/2025,517.5498
30/01/2025,519.7558
31/01/2025,519.0006
03/02/2025,514.8469
04/02/2025,521.1668
05/02/2025,523.5318
06/02/2025,526.2645
07/02/2025,519.6266
10/02/2025,525.9167
11/02/2025,524.6647
12/02/2025,524.9727
13/02/2025,532.5248
14/02/2025,534.7607
18/02/2025,535.973
19/02/2025,536.122
20/02/2025,533.8465
21/02/2025,522.7667
24/02/2025,516.5958
25/02/2025,510.0871
26/02/2025,511.3192
27/02/2025,497.1192
28/02/2025,504.9695
03/03/2025,493.9195
04/03/2025,492.429
05/03/2025,498.8483
06/03/2025,485.1253
07/03/2025,488.6927
10/03/2025,469.7527
11/03/2025,468.6298
12/03/2025,473.9163
13/03/2025,465.3903
14/03/2025,476.639
17/03/2025,479.7295
18/03/2025,471.5513
19/03/2025,477.8613
20/03/2025,476.2416
21/03/2025,477.8116
24/03/2025,488.2964
25/03/2025,491.0829
26/03/2025,482.0466
27/03/2025,479.2999
28/03/2025,466.681
31/03/2025,466.6611
01/04/2025,470.4229
02/04/2025,473.8563
03/04/2025,448.489
04/04/2025,420.6339
07/04/2025,421.649
08/04/2025,414.0557
09/04/2025,463.7551
10/04/2025,444.0306
11/04/2025,452.211
14/04/2025,455.2762
15/04/2025,455.7837
16/04/2025,442.0403
17/04/2025,441.9606
21/04/2025,431.0236
22/04/2025,442.3388
23/04/2025,452.3703
24/04/2025,465.0986
25/04/2025,470.2835
28/04/2025,470.1343
29/04/2025,473.2392
30/04/2025,473.1795
01/05/2025,479.3596
02/05/2025,486.4752
05/05/2025,483.5891
06/05/2025,479.0909
07/05/2025,480.9718
08/05/2025,485.9378
09/05/2025,485.6193
12/05/2025,505.4035
13/05/2025,513.1063
14/05/2025,516.1814
15/05/2025,516.7486
16/05/2025,518.9977
19/05/2025,519.4953
20/05/2025,517.7637
21/05/2025,510.5685
22/05/2025,511.5239
23/05/2025,506.7868
27/05/2025,518.7091
28/05/2025,516.4103
29/05/2025,517.4254
30/05/2025,516.6093
02/06/2025,520.6895
03/06/2025,524.7598
04/06/2025,526.2228
05/06/2025,522.2619
06/06/2025,527.3672
09/06/2025,528.1435
10/06/2025,531.6366
11/06/2025,529.8452
12/06/2025,531.0892
13/06/2025,524.4215
16/06/2025,531.7162
17/06/2025,526.5313
18/06/2025,526.4417
20/06/2025,524.2921
23/06/2025,529.6832
24/06/2025,537.7831
25/06/2025,539.158
26/06/2025,544.1993
27/06/2025,546.0624
30/06/2025,549.5992
01/07/2025,544.9664
02/07/2025,548.7624
03/07/2025,554.1623
07/07/2025,549.9878
08/07/2025,550.2967
09/07/2025,554.1922
10/07/2025,553.3951
11/07/2025,552.1498
14/07/2025,554.1523
15/07/2025,554.6605
16/07/2025,555.2283
17/07/2025,559.7217
18/07/2025,559.1837
21/07/2025,562.0829
22/07/2025,559.1737
23/07/2025,561.7242
24/07/2025,562.9198
25/07/2025,564.2748
28/07/2025,566.0382
29/07/2025,565.1615
30/07/2025,565.9186
31/07/2025,562.9198
01/08/2025,551.831
04/08/2025,562.0131
05/08/2025,558.1973
06/08/2025,565.2212
07/08/2025,567.1341
08/08/2025,572.4245
11/08/2025,570.7308
12/08/2025,577.9041
13/08/2025,578.1931
14/08/2025,577.7447
15/08/2025,575.2042
18/08/2025,574.975
19/08/2025,567.174
20/08/2025,563.8065
21/08/2025,561.1962
22/08/2025,569.854
25/08/2025,568.2101
26/08/2025,570.4917
27/08/2025,571.3684
28/08/2025,574.9451
29/08/2025,568.2898
02/09/2025,563.5275
03/09/2025,567.9611
04/09/2025,573.102
05/09/2025,573.9289
08/09/2025,576.7285
09/09/2025,578.3624
10/09/2025,578.5517
11/09/2025,581.9192
12/09/2025,584.4897
15/09/2025,589.4911
16/09/2025,588.993
17/09/2025,587.8173
18/09/2025,593.1177
19/09/2025,597.1327
22/09/2025,600.6678
23/09/2025,596.678
24/09/2025,594.5833
25/09/2025,592.0198
26/09/2025,594.4536
29/09/2025,597.2066
30/09/2025,598.8424
01/10/2025,601.7151
02/10/2025,604.1888
03/10/2025,601.6453
06/10/2025,606.1638
07/10/2025,602.9719
08/10/2025,609.8843
09/10/2025,609.1461
10/10/2025,588.0001
13/10/2025,600.4783
14/10/2025,596.4785
15/10/2025,600.6877
16/10/2025,598.4634
17/10/2025,602.3934
20/10/2025,609.984
21/10/2025,609.8244
22/10/2025,603.9494
23/10/2025,609.0265
24/10/2025,615.5299
27/10/2025,626.4919
28/10/2025,631.3096
29/10/2025,634.1524
30/10/2025,624.4571
31/10/2025,627.4694
03/11/2025,630.4717
04/11/2025,617.6744
05/11/2025,621.6941
06/11/2025,610.1137
07/11/2025,608.1886
10/11/2025,621.6443
11/11/2025,619.9885
12/11/2025,619.4997
13/11/2025,606.852
14/11/2025,607.3108
17/11/2025,602.1241
18/11/2025,594.7928
19/11/2025,598.3437
20/11/2025,584.1798
21/11/2025,588.5686
24/11/2025,603.6202
25/11/2025,607.3408
26/11/2025,612.7071
28/11/2025,617.6744
01/12/2025,615.5997
02/12/2025,620.4174
03/12/2025,621.9335
04/12/2025,621.355
05/12/2025,623.8885
08/12/2025,622.6916
09/12/2025,623.4596
10/12/2025,626.0131
11/12/2025,623.9883
12/12/2025,612.0587
15/12/2025,608.9866
16/12/2025,610.1935
17/12/2025,598.8823
18/12/2025,607.5602
19/12/2025,615.48
22/12/2025,618.4304
23/12/2025,621.3268
24/12/2025,623.1445
26/12/2025,623.1045
29/12/2025,620.0883
30/12/2025,618.6501
31/12/2025,613.5366
02/01/2026,612.3481
05/01/2026,617.212
06/01/2026,622.6351
07/01/2026,623.2344
08/01/2026,619.6888
09/01/2026,625.861
12/01/2026,626.3804
13/01/2026,625.4516
14/01/2026,618.77
15/01/2026,620.9972
16/01/2026,620.4778
20/01/2026,607.2945
21/01/2026,615.5041
22/01/2026,619.9785
23/01/2026,621.936
26/01/2026,624.6725
27/01/2026,630.3354
28/01/2026,632.4228
29/01/2026,628.6375
30/01/2026,621.0871
02/02/2026,625.3517
03/02/2026,615.7438
04/02/2026,604.9874
05/02/2026,596.2783
06/02/2026,608.8825
09/02/2026,613.5466
10/02/2026,610.7002
11/02/2026,612.3381
12/02/2026,599.8838
13/02/2026,601.1622
17/02/2026,600.543
18/02/2026,605.0273
19/02/2026,602.7102
20/02/2026,608.0435
23/02/2026,600.6528
24/02/2026,607.1047
25/02/2026,615.9036
26/02/2026,608.473
27/02/2026,606.5254
02/03/2026,607.3244
03/03/2026,600.8226
04/03/2026,609.9811
05/03/2026,608.1434
06/03/2026,598.9949
09/03/2026,606.9948
10/03/2026,607.0048
11/03/2026,606.9249
12/03/2026,596.508
13/03/2026,592.9725
16/03/2026,599.6241
17/03/2026,602.5504
18/03/2026,594.151
19/03/2026,592.2734
20/03/2026,581.3272
23/03/2026,588
24/03/2026,583.98
25/03/2026,587.82
26/03/2026,573.79
27/03/2026,562.58
30/03/2026,558.28
31/03/2026,577.18
01/04/2026,584.31
02/04/2026,584.98
06/04/2026,588.5
07/04/2026,588.59
08/04/2026,606.09
09/04/2026,610.19
10/04/2026,611.07
13/04/2026,617.39
14/04/2026,628.6
15/04/2026,637.4
16/04/2026,640.47
